<?xml version="1.0" encoding="utf-8" ?>
<widget id="GoogleCombo.widget.GoogleCombo" needsEntityContext="true" xmlns="http://www.mendix.com/widget/1.0/">
    <name>GoogleCombo</name>
    <description>The description of this widget.</description>

    <icon />

    <properties>
        <property key="jsonDataSource" type="attribute" required="false">
            <caption>JSON code</caption>
            <category>Data</category>
            <description>The data source of the combo chart</description>
            <attributeTypes>
                <attributeType name="String"/>
            </attributeTypes>
        </property>
		<property key="jsonOptions" type="attribute" required="false">
            <caption>Options</caption>
            <category>Data</category>
            <description>The options source of the combo chart</description>
            <attributeTypes>
                <attributeType name="String"/>
            </attributeTypes>
        </property>
    </properties>
</widget>
